Date,Plot,Treatment,Water_content,NH4,NO3,DOC,DON,DOC_DON,AOA,AOB,Bac16S,Fun18S
2014/10/21,1,Control,0.467098969,5.891393762,1.413934503,488.5929227,45.48155984,10.74265976,46572322.57,20393513.4,6570518609,2256205715
2014/10/21,2,Control,0.443140429,3.903144403,0.464660048,542.7,22.05416667,24.60759494,41565846.68,36124005.88,6540427331,3654932496
2014/10/21,3,Snow_removed,0.48398533,5.278450415,9.034270902,450.0579613,18.90812103,23.80236305,47559504.21,12075544.99,5666753390,1513410632
2014/10/21,4,Snow_removed,0.497647059,9.579752908,2.603193725,692.4037308,41.97527603,16.49551346,34222315.49,16127614.01,11828136360,1651834809
2014/10/21,5,Snow_removed,0.508934708,19.04987462,-0.085617414,503.3226959,25.48604329,19.74895397,29146249.52,11537815.14,8885446205,1133163138
2014/10/21,6,Control,0.477356793,8.492179974,2.290913667,460.6382189,21.56988529,21.35561746,34509310.59,113181968.9,7359324043,2687771593
2014/10/21,7,Control,0.513224259,7.048169924,2.178525249,555.1180719,27.21841514,20.39494471,99670787.73,22470223.04,5832041771,3332864492
2014/10/21,8,Snow_removed,0.503653937,4.256713972,0.468238537,506.9403977,21.32485638,23.77227723,46034985.08,13535216.34,8045967225,3822830768
2014/10/21,9,Snow_removed,0.467316453,3.479237569,1.874922468,436.1501973,18.42832816,23.6673774,73066269.71,16540344.52,5089535088,3941165372
2014/10/21,10,Snow_removed,0.504775818,3.768712916,7.977109006,509.0811586,20.96216535,24.28571429,55690812.81,14506106.47,5394707528,3502657792
2014/10/21,11,Control,0.472048436,2.947156304,4.911927173,398.7823411,12.75233565,31.27131783,95896978.52,100860221.2,7873624120,2244280366
2014/10/21,12,Control,0.479244889,4.97668176,0.915709444,456.3875632,14.2281988,32.07627119,31281410.45,16428854.13,5308333239,3544297389
2014/11/21,1,Control,0.491975106,22.04353694,4.903141862,451.4976549,13.92392403,32.4260355,73777882.84,22928948.18,11747892745,5943637278
2014/11/21,2,Control,0.47761369,24.52528805,0.897266636,479.1491817,20.74707931,23.09477756,81191131.05,28621703.57,7559199691,3274844239
2014/11/21,3,Snow_removed,0.507133731,26.14206093,3.613130373,425.5477732,16.692291,25.49367089,73820129.44,14976862.99,9142492759,3078832217
2014/11/21,4,Snow_removed,0.481401116,21.92125895,2.976464518,418.0378546,15.82311725,26.41943734,45637356.24,18700638.99,18538107299,1841586499
2014/11/21,5,Snow_removed,0.521239591,28.48758557,0.197221746,492.1080318,18.16034548,27.09794438,14279691.43,20926485.35,12344951059,1265128332
2014/11/21,6,Control,0.466450535,18.17244631,2.532543049,326.5193802,10.98185685,29.73262032,47477459.07,59316186.43,9078999885,1461002094
2014/11/21,7,Control,0.504261068,25.14322894,4.09898018,386.9051118,14.92800105,25.9180791,104387474.9,45589233.42,5221728538,3751452721
2014/11/21,8,Snow_removed,0.479662463,21.15482555,0.4590198,416.5455299,16.55320961,25.16403402,57299272.62,7095671.795,8430984272,3805448737
2014/11/21,9,Snow_removed,0.47866774,20.05768075,1.965652713,385.3719733,15.82562022,24.35114504,144420895.7,14133960.08,5621170452,3130403115
2014/11/21,10,Snow_removed,0.521877934,23.02823528,10.17628683,417.7729745,16.2320835,25.73748309,81920109.67,47682174.81,10500641122,4092719794
2014/11/21,11,Control,0.508879849,21.28841561,6.876158241,334.6663184,8.478782924,39.47103275,55624654.99,30809676.63,8505669689,2262358325
2014/11/21,12,Control,0.488610478,22.06249552,2.900809597,347.8021405,9.805604786,35.4697286,56289132.13,22047950.74,8269513221,3507877438
2014/12/26,1,Control,0.650928549,10.07658611,0.671772407,551.408133,26.67204509,20.67363531,29064660.54,46778631.38,7275542970,3460146759
2014/12/26,2,Control,0.642255078,13.5265801,1.44283521,825.3161373,42.72328631,19.31771192,177379676.9,7318227.201,17076765829,6289816764
2014/12/26,3,Snow_removed,0.673538462,14.03239942,2.741212911,565.4003219,34.75662938,16.26740947,87342680.84,49787437.09,12400388500,4929612291
2014/12/26,4,Snow_removed,0.560397351,15.76537005,4.705724089,531.4072193,31.34852048,16.9515885,64421434.4,50126936.5,14260121389,2782169579
2014/12/26,5,Snow_removed,0.644042458,16.24209965,0.944994889,606.8677296,27.62853084,21.96525516,12413759.43,64956355.4,12768921418,3232871720
2014/12/26,6,Control,0.554108355,9.107009585,0.653836586,297.3361063,16.6792525,17.82670455,24757037.77,38670048,9876990753,3072476940
2014/12/26,7,Control,0.603611876,15.85609593,1.638463246,540.1587441,31.99443259,16.88289806,74847895.47,15785984.6,4791570093,3994713174
2014/12/26,8,Snow_removed,0.643140849,16.45294497,1.047005589,456.009906,30.93609278,14.74038462,25442791.59,83449851.69,7724942083,4010887859
2014/12/26,9,Snow_removed,0.602682927,17.52991598,1.035858672,467.1085168,28.37724095,16.46067416,94491075.96,15226412.57,5041306426,4686291792
2014/12/26,10,Snow_removed,0.579912425,11.60045912,10.36475804,482.0544989,29.28624031,16.46010187,150754656.6,46086832.81,9524195376,4428834597
2014/12/26,11,Control,0.610333692,8.63689478,5.182136868,287.5452196,20.03856204,14.3495935,225963117.2,49924019.19,11437108346,2590883703
2014/12/26,12,Control,0.661811273,9.027546491,3.486500714,476.4789502,24.6793286,19.30680359,65478485.5,125392440.5,9643599648,3770446224
2015/01/21,1,Control,0.623974313,11.76018756,1.540024561,384.2462998,22.07608987,17.40554156,59251191.25,18417806.41,10494224954,2947658323
2015/01/21,2,Control,0.617508106,13.12826487,2.932910238,330.8993945,18.78742843,17.61280932,83457435.04,114504882.9,17062310240,4418690032
2015/01/21,3,Snow_removed,0.681696698,18.12144637,8.053976165,630.8512897,27.50881934,22.93269231,117794647.2,73663879.15,13390432322,3325394583
2015/01/21,4,Snow_removed,0.722606211,21.27205309,0.502793982,699.4659475,27.94792589,25.02747253,24775396.19,99393429.61,11036725212,7652882178
2015/01/21,5,Snow_removed,0.698471905,28.19862761,0.321250188,647.8523456,10.71556211,60.45901639,8648939.158,48117060.1,17524985350,4579580948
2015/01/21,6,Control,0.598783424,8.979954262,0.316939562,404.8968182,36.28467894,11.15889213,31506868.99,113485358.1,8444720403,2525169690
2015/01/21,7,Control,0.659755501,21.64185246,0.533205061,564.8651105,,,61887722.98,100389601,4940304826,4372970639
2015/01/21,8,Snow_removed,0.686647219,17.19379877,0.303419978,468.788484,68.22727361,6.870983688,34336861.99,96049869.28,9529510093,3941661462
2015/01/21,9,Snow_removed,0.729266076,29.38119625,0.873495024,773.5465238,37.98701185,20.36344756,229847792.8,93128066.06,9109091931,4866754944
2015/01/21,10,Snow_removed,0.709224675,20.52511316,3.738502754,690.5123784,21.15786448,32.63620387,179709024.6,94413632.24,13223445319,3736234327
2015/01/21,11,Control,0.661380971,8.485003496,5.59381712,461.9652746,41.73202412,11.06980273,108443822.7,117330541,11905252145,5326425542
2015/01/21,12,Control,0.628185525,12.29371166,2.201432088,654.9170195,65.85915647,9.944206009,152215997.1,45752137.86,9131108547,13772787583
2015/03/10,1,Control,0.503859399,5.266716926,10.25956457,440.7984183,30.79261678,14.31506849,74533273.2,50541507.19,6311064964,4915416606
2015/03/10,2,Control,0.495656822,5.757870899,2.282584535,274.9044777,23.10610576,11.89748201,78477991.53,46975416.53,10721375149,4065084634
2015/03/10,3,Snow_removed,0.742303307,31.91308522,5.878726224,468.9573412,38.33180726,12.23415682,54689827.23,45811087.17,11447594317,4020897709
2015/03/10,4,Snow_removed,0.728050171,20.03293413,0.549923682,680.3782786,51.79117123,13.13695486,60554441.96,83763285.83,20432876840,9872818210
2015/03/10,5,Snow_removed,0.725102319,25.05162755,1.040606067,590.4944574,45.60792717,12.9471891,32119018.53,98814842.78,17580230133,4838371253
2015/03/10,6,Control,0.505721669,3.633358152,1.517461346,236.7904235,19.89462398,11.90223167,33983649.65,55119085.86,9586100356,3400462686
2015/03/10,7,Control,0.525283937,4.855645496,3.752089702,384.3093838,28.22999686,13.61351139,99538368.53,130292525.4,5236354289,3508702897
2015/03/10,8,Snow_removed,0.738589918,47.09137745,1.136688421,577.824959,49.121221,11.76324503,33813028.76,256709647.3,12384383109,6596551022
2015/03/10,9,Snow_removed,0.73413221,28.41003528,3.12510388,502.2868133,44.24329901,11.35283364,67267719.77,222937669.3,9571540583,7934214135
2015/03/10,10,Snow_removed,0.710057288,30.67616526,1.700124822,583.1672506,45.71374995,12.75693312,188588311.4,134917561.4,15823986941,5873909787
2015/03/10,11,Control,0.569935055,8.684341388,8.287342925,408.0782809,33.19036684,12.29508197,77663239.78,44251684.79,10352716690,4588116771
2015/03/10,12,Control,0.541062079,6.664624799,8.273327337,363.5726112,28.63105311,12.69854133,62473840.09,89519188.6,6750897923,2287005594
2015/03/17,1,Control,0.501702611,5.444303239,11.47491606,459.2324038,34.94159594,13.14285714,59743782.21,25732521.14,6128532011,4666285225
2015/03/17,2,Control,0.504322767,6.13512741,1.671293329,306.1587168,24.25166078,12.62423714,80894307.41,3134791.882,8669268915,2260451590
2015/03/17,3,Snow_removed,0.760848247,23.1273085,7.293997297,562.1982852,56.44151554,9.960722702,59852561.86,178048794.2,14604140515,4360495164
2015/03/17,4,Snow_removed,0.700132685,20.72707331,0.571781333,508.0294094,41.63415174,12.20222793,35208104.48,76773340.96,10065960990,3311231335
2015/03/17,5,Snow_removed,0.686557587,19.70824002,0.373776966,527.9634919,47.82449568,11.03960396,66704245.41,35749193.91,13347719889,4569678950
2015/03/17,6,Control,0.46794033,4.264047183,1.046629763,199.3459767,18.82060545,10.59190031,37869692.91,29777810.98,10922015353,2632998666
2015/03/17,7,Control,0.501078167,5.260883507,3.156530104,354.2414012,30.01329294,11.8028169,58222372.98,58779014.65,6626628784,3425647093
2015/03/17,8,Snow_removed,0.734188108,40.95439935,1.054271667,532.899644,46.4256321,11.47856518,55881857.34,194960192,7693311489,4915587287
2015/03/17,9,Snow_removed,0.650741351,22.32024489,1.008997372,397.9256653,41.09773843,9.682422452,92905865.29,114157510.1,7979811978,3963000138
2015/03/17,10,Snow_removed,0.727845659,29.44295793,5.535276091,551.4279142,50.85523096,10.84309133,101369748.9,153859344.1,16387086797,6423688131
2015/03/17,11,Control,0.507270694,3.631408792,3.866382302,256.4052828,23.58087928,10.87344029,91248701.27,93611788.2,11031592353,2575612758
2015/03/17,12,Control,0.523747173,6.677333085,5.831537561,258.0024635,22.83670454,11.29770992,45508366.54,89119970.66,7947902786,2149230647
2015/03/24,1,Control,0.511639069,14.74799798,4.253408113,368.1719147,35.50918408,10.36835749,36016871.17,42543095.45,8548628491,1639571493
2015/03/24,2,Control,0.502093945,13.69449184,2.127913347,324.6469369,29.41517256,11.03671706,47571664.18,23506459.06,5781205617,2621456780
2015/03/24,3,Snow_removed,0.706933167,31.7217284,3.541030147,499.4078052,47.14380239,10.59328649,46096677.1,87169513.6,10168611246,2483085933
2015/03/24,4,Snow_removed,0.736462094,34.65459052,1.50849394,465.9896671,47.13176053,9.886956522,11619554.75,205077817.7,14512586986,3988718766
2015/03/24,5,Snow_removed,0.696391939,30.49132581,0.420570011,466.6096522,46.44838679,10.04576659,77060894.55,23796291,17667185068,2295864853
2015/03/24,6,Control,0.489970985,8.913687093,8.519826501,209.595455,22.46830656,9.328493648,18931865.99,72799373.12,9244999692,1394300022
2015/03/24,7,Control,0.491613066,12.59821496,3.903381356,236.0115209,27.89971405,8.459280998,62428899.68,42638811.54,4816042979,2053561787
2015/03/24,8,Snow_removed,0.756405905,55.36011413,0.922668569,681.1490396,65.95602279,10.32732131,40346579.26,344099707.3,15564329313,8714549508
2015/03/24,9,Snow_removed,0.713607758,48.48377889,3.833601122,455.8952629,45.62695611,9.991796555,119955523.7,175043644,12175110890,9122644941
2015/03/24,10,Snow_removed,0.746028037,46.71190885,2.794373118,525.6053664,54.48859461,9.646153846,134016312.6,210202930.7,10958203021,7049849339
2015/03/24,11,Control,0.544355448,14.14407646,1.710976991,509.8419466,31.64059777,16.11353712,72274527.3,181146136.7,13715656515,3283746554
2015/03/24,12,Control,0.50877193,8.761067719,8.312330104,231.7205543,25.11361199,9.226890756,29697278.62,106008326.4,8587372676,2107614750
2015/04/07,1,Control,0.551689751,10.57742758,2.350539462,424.5794076,42.97088677,9.880629409,67299981.9,21255532.28,10194075687,3199483016
2015/04/07,2,Control,0.485161824,5.30830817,4.307896246,356.7431685,32.92543969,10.83487941,116178005.4,22764108.89,6199434387,1129575902
2015/04/07,3,Snow_removed,0.593458457,20.03024796,1.300665452,410.2015674,42.59281451,9.630769231,154172240.1,13716021.82,9729930472,2544195082
2015/04/07,4,Snow_removed,0.630182421,17.22071949,0.803633576,400.9088774,37.47563987,10.69785276,32129551.04,110623249.9,12200251956,2788635011
2015/04/07,5,Snow_removed,0.674091966,20.10288727,0.291816106,702.3228474,71.17960393,9.866911427,68092953.3,12516455.13,20155400881,10789468799
2015/04/07,6,Control,0.517735243,7.356349052,1.492906131,388.0094253,41.10139367,9.440298507,116243434.3,76700551.25,19157544039,4486392260
2015/04/07,7,Control,0.507692308,7.261021238,0.704746179,320.1555695,36.17286488,8.8507109,46830698.73,1159308.175,4949991431,2611782568
2015/04/07,8,Snow_removed,0.664647753,26.35556767,0.349290656,401.7777982,45.70741857,8.79020979,24752943.83,32879664.1,8910357037,2993560440
2015/04/07,9,Snow_removed,0.664587665,20.39499546,0.76481233,435.7684836,50.29546907,8.664169788,100617060.6,113336316.1,12630014676,3393167278
2015/04/07,10,Snow_removed,0.679105001,18.39657527,1.940002483,464.6145269,49.83445494,9.323158593,46088589.35,38604513.39,7089557306,5309387875
2015/04/07,11,Control,0.464936793,3.108544412,3.905108918,218.8884034,27.56516483,7.940761636,81318206.06,14589567,3936788506,1559525600
2015/04/07,12,Control,0.597824663,8.21385657,4.080431974,350.6603055,39.09901688,8.968519759,18574200.62,118328737.6,9798021561,5138168550
2015/04/14,1,Control,0.467464925,6.890103339,4.724642289,397.8357484,32.11776743,12.38678091,41363237.29,12539492.28,5078857682,2087340463
2015/04/14,2,Control,0.505039788,6.60585875,1.172007198,374.0200258,33.29536378,11.23339658,50816217.6,47718714.69,3976112896,3233912803
2015/04/14,3,Snow_removed,0.518449447,9.455384115,2.968550827,368.6026275,31.64481065,11.64812239,96087015,22225501.23,6633355969,2099237769
2015/04/14,4,Snow_removed,0.504129306,9.710997129,3.926620578,326.7593563,29.99688861,10.8931083,37088016.68,58164224.31,7485921979,2408785775
2015/04/14,5,Snow_removed,0.535874116,15.60999395,0.520333132,636.5000848,49.47766883,12.86439114,56254076.81,13105747.04,11980652120,1481429548
2015/04/14,6,Control,0.499692459,10.34447497,2.47000729,425.0422245,35.65480252,11.92103712,21702214.21,71216486.17,9985675307,2095172068
2015/04/14,7,Control,0.542074856,13.15464192,1.338542511,573.5050114,39.15207809,14.6481372,85558823.59,34590927.05,6392879285,2365527766
2015/04/14,8,Snow_removed,0.525878105,19.20951086,1.831604524,413.3409417,39.02169729,10.59259259,36164746.48,133669625.2,7216225410,3441898483
2015/04/14,9,Snow_removed,0.54808019,15.37855638,4.660168599,396.671035,36.73397261,10.79847909,25345076.14,68468430.68,7909987712,4898988995
2015/04/14,10,Snow_removed,0.642606516,19.17588908,4.808722953,477.2721651,42.50935528,11.22746186,85079127.39,94849509.5,9095239941,8233708556
2015/04/14,11,Control,0.494269998,7.673385429,4.189253666,287.6131524,27.68535237,10.38863976,62329644.51,8391970.66,10592247175,2105781061
2015/04/14,12,Control,0.501512097,4.61447306,5.747116447,323.8982247,32.20065414,10.05874674,80904080.82,29603603.43,6218381431,1936112292
2015/04/21,1,Control,0.513187813,13.67050125,0.954765166,490.6725473,14.8728301,32.99120235,25775954.82,55035525.65,8482389529,1507208697
2015/04/21,2,Control,0.517907532,10.66002686,2.697639451,344.2323536,17.94863909,19.17874396,53160651.41,61398013.64,5115759865,3340738851
2015/04/21,3,Snow_removed,0.514371465,16.98477672,3.484056763,362.213121,18.64774549,19.42396313,77232956.72,13651126.03,8422650312,2262059177
2015/04/21,4,Snow_removed,0.536115762,9.337070199,6.126028984,307.9656999,13.84599284,22.24222586,21671274.79,101997157.3,9445758597,1785988262
2015/04/21,5,Snow_removed,0.530214683,-0.448384175,0.448384175,412.0045287,21.19717122,19.43676939,73576983.07,6399272.308,16452287235,3516457744
2015/04/21,6,Control,0.516457583,12.14007408,6.72039815,445.2109272,23.80853734,18.6996337,30554044.64,55082190.53,14569588948,3959094792
2015/04/21,7,Control,0.526830352,5.578830515,2.900991868,368.479873,22.03258608,16.72431333,109761043.7,16979500.54,9183582680,2268450875
2015/04/21,8,Snow_removed,0.585303941,23.32513979,1.050912892,450.1086435,38.22530691,11.77514793,50622923.05,41656409.12,11481715738,5891360228
2015/04/21,9,Snow_removed,0.517010447,16.76342337,3.831639627,432.9237088,25.17557358,17.19618056,83710538.98,52183043.63,8488103363,3367079020
2015/04/21,10,Snow_removed,0.535032455,11.04560539,3.674354446,420.8298417,23.44006304,17.95344326,21780384.82,17971800.01,6628081239,2514166136
2015/04/21,11,Control,0.518494272,5.664623861,4.27025491,377.6012744,21.88770178,17.25175527,34277814.43,62632783.9,10452383069,3401833666
2015/04/21,12,Control,0.520854188,7.017069785,3.245394775,316.1515162,19.68241334,16.06263982,58412265.63,76869574.81,7215664387,3688615658
2015/04/28,1,Control,0.483776306,12.16890584,1.865898896,397.4567865,27.93265922,14.22910663,29415559.43,12907978.12,7722813188,2784861391
2015/04/28,2,Control,0.519620785,4.380548056,5.212852186,404.7802994,33.83727381,11.96255649,46231332.27,38571033.67,6422397086,3184239141
2015/04/28,3,Snow_removed,0.499323128,4.595950557,11.07206271,311.1964783,29.53082987,10.53802009,48335915.66,52590047.95,11281806886,1571625272
2015/04/28,4,Snow_removed,0.503467406,3.387806578,9.697596328,282.4153747,27.13818665,10.40656763,27932082.33,160309312.7,9310011907,1933133301
2015/04/28,5,Snow_removed,0.51119932,11.91314052,1.212587517,453.8794253,38.56350248,11.76966292,86644806.48,38381334.22,16189843734,3368466557
2015/04/28,6,Control,0.516498838,10.31508108,6.759670154,521.0566439,40.46340758,12.87723094,62101328.28,86239705.55,15083704360,6362962931
2015/04/28,7,Control,0.521454027,6.393041925,4.960118735,409.4578069,37.45067894,10.93325458,165759369.3,20694258.77,4726823777,1551904434
2015/04/28,8,Snow_removed,0.495846645,15.0670438,2.343762369,380.6045407,32.55170414,11.69230769,56763076.4,57591587.44,10864471418,5512503918
2015/04/28,9,Snow_removed,0.472787942,7.561495774,4.278214714,350.9680508,31.97708907,10.97560976,131007502.1,24484235.88,6448361318,2665248673
2015/04/28,10,Snow_removed,0.515086207,3.039290918,10.55068133,356.5459472,34.39976068,10.36477987,51473359.21,33135416.55,8139887204,4315689861
2015/04/28,11,Control,0.498340504,3.105380902,3.560836768,362.9905702,33.13160003,10.95602294,91197019.54,50976560.57,9783071436,5737097747
2015/04/28,12,Control,0.561530001,9.928425235,6.174996183,446.8124535,40.74584028,10.96584217,29350358.77,24185925.72,8827341821,3297011865
2015/05/14,1,Control,0.495198464,19.15303331,1.478114527,329.9786999,26.96981409,12.23511214,14462809.48,51406868.08,6309763396,2759301989
2015/05/14,2,Control,0.482041005,8.833606453,1.726568534,305.4038353,21.10760634,14.46889952,45364619.33,30893470.13,4786881480,2622464093
2015/05/14,3,Snow_removed,0.521325606,11.39285762,9.881113054,249.8963815,18.16030822,13.76058041,62888863.56,114367122.9,12694048333,2242837676
2015/05/14,4,Snow_removed,0.513330022,16.64348994,4.409444088,229.1162665,16.41172126,13.96052632,40790422.14,50573645.61,9315892671,2415652705
2015/05/14,5,Snow_removed,0.530579313,20.02635859,0.652544269,304.7142562,28.94336003,10.52795031,54701021.59,18188284.35,14800317424,2818666321
2015/05/14,6,Control,0.495086924,18.05279797,3.07105069,251.3645456,21.21149322,11.8503937,35914113.83,47954541.05,15746440054,2551799175
2015/05/14,7,Control,0.529324863,13.16619674,3.369653742,300.4520865,23.47562198,12.79847182,86454314.23,21476446.66,7360254007,4012840672
2015/05/14,8,Snow_removed,0.49384504,18.41330383,1.034455271,293.9978011,23.47408185,12.52435784,47778261.92,28456825.94,6832431156,3298994116
2015/05/14,9,Snow_removed,0.500357483,23.16143429,4.000611378,254.1110309,21.38328509,11.88362919,64497044.77,36069190.32,6874280036,4739819322
2015/05/14,10,Snow_removed,0.479530039,7.864558995,7.057937559,272.3322692,15.19900303,17.91777188,73318627.39,11252450.68,7907360312,4042965375
2015/05/14,11,Control,0.48720335,9.788481814,1.998481704,283.3619353,25.11292602,11.28350934,66190268.72,27138521.2,8036028752,1537348085
2015/05/14,12,Control,0.514309076,10.13415649,4.053662594,235.4198407,20.98165769,11.22026887,50737883.59,71105648.11,7700740574,4317665467
2015/05/22,1,Control,0.478926209,13.43796803,1.764986846,351.3959846,21.97239326,15.99261311,14280733.41,20605820.21,5257160825,1564354878
2015/05/22,2,Control,0.512174875,15.8272057,6.699461044,344.2230661,5.169808251,66.58333333,92354310.65,85997037.58,5907635079,2740316592
2015/05/22,3,Snow_removed,0.549284928,10.76660483,11.49218038,263.2793135,20.72973242,12.70056497,15746121.02,79401839.93,11227163865,3545603388
2015/05/22,4,Snow_removed,0.521494432,13.80274872,5.345826489,329.1013691,26.07309444,12.6222597,45222188.32,76483228.85,8289295369,3730823288
2015/05/22,5,Snow_removed,0.529271656,16.30699042,1.072240466,358.695992,33.58719176,10.67954697,69379146.51,22115801.05,14394026415,3070808815
2015/05/22,6,Control,0.481540084,11.75034212,2.046180265,276.1685239,23.44903437,11.77739431,55377154.25,27660667.39,11729336298,2849130963
2015/05/22,7,Control,0.505967604,5.493548629,2.303064617,394.3171087,18.29699151,21.55092593,109183586.6,8740617.436,6119295607,2846978011
2015/05/22,8,Snow_removed,0.476573124,10.99375337,1.958886964,306.5028612,26.20008107,11.69854629,36704636.23,17716484.71,5931736715,2365402081
2015/05/22,9,Snow_removed,0.483647513,11.77140934,2.942852334,313.7071066,26.90073834,11.66165414,55658137.74,29387168.44,6181850168,2802517961
2015/05/22,10,Snow_removed,0.459817523,8.140448366,5.775841936,265.7934892,20.89753158,12.71889401,95172035.59,15845608.38,6236927337,4184477748
2015/05/22,11,Control,0.503237503,12.67396097,3.992297706,271.3069293,23.06108899,11.76470588,41574638.4,10490012.15,9596778603,2079065216
2015/05/22,12,Control,0.558274702,17.09317622,3.276192109,319.2897172,26.79538799,11.91584602,14049343.11,20926215.53,7761786858,4755440289
2015/06/16,1,Control,0.493470518,5.189983706,1.909914004,451.8738898,48.55307037,9.306803594,35033400.29,24911378.77,6082805709,1914893439
2015/06/16,2,Control,0.496686269,7.50642585,3.231933352,373.1698401,35.33536664,10.56080283,48039038.67,36710466.79,5636564462,3622393727
2015/06/16,3,Snow_removed,0.50964136,6.659302915,8.549685678,307.4014212,26.81723696,11.46282974,28616550.24,36443214.5,8325282065,2346645075
2015/06/16,4,Snow_removed,0.499799639,5.024487934,2.742532998,476.2847675,33.43636462,14.24451411,120057067.2,59907095.64,10709997569,3229818454
2015/06/16,5,Snow_removed,0.515349445,6.302852064,0.956294796,486.4197445,39.38918997,12.34906696,81254545.17,4579253.259,14332914382,3393949327
2015/06/16,6,Control,0.461416589,6.218041166,1.729392699,388.1757296,36.26864962,10.7027897,61260430.05,18337207.54,13700135891,9339180693
2015/06/16,7,Control,0.512279317,6.055832229,3.806523115,401.0322487,14.13120101,28.37920489,169470212.7,37778051.34,9580696326,3369202879
2015/06/16,8,Snow_removed,0.500578815,9.891404089,1.873053115,391.3801525,38.52943485,10.15795207,43673657.59,12197849.85,8873601496,5491186739
2015/06/16,9,Snow_removed,0.460066913,6.960933766,2.997068705,309.5681933,28.01775841,11.04899931,97108954.05,23766598.28,7458870302,3452067239
2015/06/16,10,Snow_removed,0.480413537,8.883577014,3.190011746,276.3359686,23.91832402,11.55331654,56270005.56,5461019.605,7889729687,3164068672
2015/06/16,11,Control,0.48358842,8.922157072,1.987207711,447.0689713,22.61690716,19.76702509,76294002.44,22505204.78,12584969429,2038858049
2015/06/16,12,Control,0.562403101,18.34781434,5.431918718,345.3892667,26.71652168,12.92792793,7064949.281,24074934.42,7556084638,3734813555
2015/07/31,1,Control,0.509876275,13.08042073,1.308042073,556.4486764,44.35709271,12.54475085,96277089.36,129366891.4,8242413756,3016344174
2015/07/31,2,Control,0.449329224,10.79133063,2.347587716,367.3192047,31.58755331,11.62860577,90338909.69,110683374.1,6131980195,4762175957
2015/07/31,3,Snow_removed,0.46788377,11.79654381,4.443364835,399.373108,32.42338266,12.31744116,110370886.4,80836776.67,9046644581,2339186703
2015/07/31,4,Snow_removed,0.504787833,12.93974787,2.269759052,522.435459,48.30622842,10.8150745,141443016.3,110816049.4,11078541363,3719885827
2015/07/31,5,Snow_removed,0.482481061,14.43909924,1.667614279,324.8777897,34.45366453,9.429411765,42850811.57,23949543.11,10903773836,2624884353
2015/07/31,6,Control,0.442508368,7.12196259,2.286524831,241.6749563,26.10014474,9.259525521,85965008.5,19684181.31,11267510992,3796752816
2015/07/31,7,Control,0.501124404,13.87950975,4.752680613,389.2665831,33.77584235,11.525,162718675.9,50214934.12,6981432179,3165893372
2015/07/31,8,Snow_removed,0.488734296,22.1353471,1.004288896,491.4285839,46.66523928,10.53093462,37447139.49,39707038.58,8092500903,3784039730
2015/07/31,9,Snow_removed,0.450528936,11.41155153,2.206233296,349.8097246,38.49617067,9.086870681,105889147.2,22177386.14,6457430987,4781670570
2015/07/31,10,Snow_removed,0.473503948,12.12768753,2.326130232,340.1273679,37.83817863,8.988999476,71448754.18,31026994.18,8823066648,3245713259
2015/07/31,11,Control,0.459380272,12.68898679,2.691603258,394.0764049,35.98844815,10.95008052,78404758.51,25460492.37,9825240800,2116197298
2015/07/31,12,Control,0.505245347,15.50026676,2.908954172,352.0358909,32.95157917,10.68343005,41211891.08,54647893.06,8039042846,5090684000
2015/08/28,1,Control,0.492475154,12.86928999,5.625125142,354.4723006,39.46637829,8.981627297,33041671.57,18001481.3,6002909877,1826209872
2015/08/28,2,Control,0.487638994,12.29561183,10.41028468,326.8759489,35.15382036,9.298447384,61719393.28,24868114.51,9200547905,2304497527
2015/08/28,3,Snow_removed,0.473870682,6.514730373,12.81230307,366.3722018,31.68030223,11.56466877,84338030.59,12278480.37,5413727104,1534525766
2015/08/28,4,Snow_removed,0.464077887,9.119422169,5.33583212,397.7199712,30.96840128,12.8427673,76913531.11,19833886.58,5902369809,1704370041
2015/08/28,5,Snow_removed,0.480263744,14.31139027,6.530831615,300.390986,27.18882074,11.04832714,33568773.82,11343201.29,10062814154,2413474145
2015/08/28,6,Control,0.446003291,7.529312331,11.18102881,229.3035173,18.73715727,12.23790323,37258049.76,28702865.66,10297028302,3272645679
2015/08/28,7,Control,0.461964781,3.30056155,15.04667765,224.2779222,15.53744353,14.43467337,33395418.54,4056796.559,2946606936,2440841593
2015/08/28,8,Snow_removed,0.497472106,17.61416951,8.073161026,292.9912838,24.30850325,12.05303678,46455166.25,43233270.5,10210546547,4624274355
2015/08/28,9,Snow_removed,0.47298951,12.91955962,4.13425908,341.1481047,27.2441909,12.52186589,68570737.31,10869655.95,5457483396,5653932639
2015/08/28,10,Snow_removed,0.479572425,7.02096949,15.98775052,322.7922586,21.73374137,14.85212569,114348348.4,35602090.68,5514635982,2162295378
2015/08/28,11,Control,0.480488452,14.90297073,7.572320262,372.4096234,27.40790047,13.58767425,77429409.01,37674644.73,7708676426,2909592193
2015/08/28,12,Control,0.507347048,12.14776332,25.82998096,241.6472722,18.40614262,13.12862109,24470439.61,85161300.44,9511507961,5033611983
2015/10/14,1,Control,0.494336495,3.742781049,0.540623929,436.8246408,43.1208324,10.13024602,37889067.85,8394265.606,7414251027,2068033425
2015/10/14,2,Control,0.489959839,4.900570843,2.24609497,350.0655056,33.13816575,10.5638166,183594330.9,6746879.037,5674246977,3721369958
2015/10/14,3,Snow_removed,0.537513243,6.182321809,2.358441283,381.8364025,30.37801863,12.56949662,188656334.3,19416239.67,9717784199,2197217073
2015/10/14,4,Snow_removed,0.49136959,9.482861364,1.0307458,312.8625788,27.78700071,11.25931446,68515389.49,18178867.91,8103753658,5140127407
2015/10/14,5,Snow_removed,0.499046235,2.931902045,0.628264724,308.460496,32.14175087,9.596879064,65984727.71,2100584.45,12856400294,1953026954
2015/10/14,6,Control,0.438715404,7.061790597,1.784031309,184.5226872,18.18296032,10.14811032,47954794.82,35062602.41,9831483883,1938910254
2015/10/14,7,Control,0.488763468,9.874263459,2.303994807,232.0776317,23.74364402,9.774305556,45689630.39,34468356.78,5419935695,2783758776
2015/10/14,8,Snow_removed,0.501401724,4.662027892,1.780047013,251.1721913,22.48549038,11.17041199,29440744.91,86361614.44,8726064250,4406297999
2015/10/14,9,Snow_removed,0.483418486,8.51691036,0.425845518,361.8473656,27.00141206,13.40105342,70609564.2,144575287.9,8250489898,4676286668
2015/10/14,10,Snow_removed,0.490352432,4.738732236,1.421619671,330.1430197,29.94559892,11.02475928,73374611.06,13968459.71,8896504583,3740032494
2015/10/14,11,Control,0.499230473,4.218963874,1.244594343,310.5040556,30.52555084,10.17193948,76227466.5,28591349.38,10879282659,2393395957
2015/10/14,12,Control,0.491438057,9.932515884,1.924424952,223.4254247,23.08591726,9.677996422,42030667.76,61289225.34,9289019362,3920701526